Henry Tang <henryykt@gmail.com>
Hervé Beraud <hberaud@redhat.com>
Hervé Beraud <herveberaud.pro@gmail.com>
Sebastien Boyron <sebastien@boyron.eu>
Sébastien Boyron <sboyron@localhost.localdomain>
dj4ngo <sebastien@boyron.eu>
rechthemoon <rechthemoon@gmail.com>
